{
    "attack_columns": [
        "nrtv",
        "ndtv",
        "c",
        "nkwt",
        "nkwot",
        "bs",
        "nkc",
        "tp",
        "table",
        "capt",
        "cap",
        "frac_tar"
    ],
    "naive": {
        "compute_metrics": {
            "accuracy": 0.544269340193142,
            "precision": 0.8980646575028125,
            "recall": 0.45980007619495183,
            "f1": 0.6082052029192727
        }
    },
    "baseline": {
        "feature_importance": {
            "frac_tar": 1.3769451858175936,
            "table_intrusion": 0.692352262049622,
            "table_news": -0.36155286171966416,
            "table_credit": -0.2112971329088871,
            "table_BankChurnersNoId": -0.13612868901464048,
            "table_census_extended": -0.07161349434884702,
            "table_census": -0.06747416910105433,
            "table_adult": -0.06660500545625342,
            "table_national2019": -0.047261212595275534,
            "nkc": 0.014442976250167832,
            "ndtv": 0.01441670981665612,
            "table_KRK_v1": -0.00324984055579953,
            "table_age-weight-sex": -0.0032337935520680952,
            "table_insurance": -0.0023058039646402994,
            "table_alarm": -0.0013981489798044924
        },
        "accuracy": 0.842875297299282,
        "precision": 0.8603123220662995,
        "recall": 0.9500104251497302,
        "f1": 0.9029391870644444,
        "roc_auc": 0.7178058361378585,
        "compute_metrics": {
            "accuracy": 0.842875297299282,
            "precision": 0.8603123220662995,
            "recall": 0.9500104251497302,
            "f1": 0.9029391870644444
        }
    },
    "narrow_attack": {
        "feature_importance": {
            "nkwot": -0.7888702930424439,
            "nkwt": 0.6504359604999664
        },
        "accuracy": 0.7893601456686838,
        "precision": 0.7904511109963684,
        "recall": 0.9881566542253618,
        "f1": 0.878315658397586,
        "roc_auc": 0.5572852631832376,
        "compute_metrics": {
            "accuracy": 0.7893601456686838,
            "precision": 0.7904511109963684,
            "recall": 0.9881566542253618,
            "f1": 0.878315658397586
        }
    },
    "full_attack": {
        "feature_importance": {
            "frac_tar": 1.267225195597579,
            "table_intrusion": 0.6382059045304107,
            "nkwot": -0.38141933205367495,
            "table_news": -0.33277297254935556,
            "nkwt": 0.32726416477019676,
            "table_credit": -0.19664214518567433,
            "table_BankChurnersNoId": -0.126090302293602,
            "table_census": -0.06593157287326833,
            "table_census_extended": -0.0629710703236036,
            "table_adult": -0.059690935527167616,
            "table_national2019": -0.040889760853214406,
            "ndtv": 0.02898743281621894,
            "nkc": 0.0036783309627381497,
            "table_age-weight-sex": -0.0034454726366683524,
            "table_insurance": -0.0022649563267550456,
            "table_KRK_v1": -0.001975158248004216,
            "table_alarm": -0.001191878584829916,
            "bs": 0.0
        },
        "accuracy": 0.8476369465146038,
        "precision": 0.8652541820539986,
        "recall": 0.9498713377712652,
        "f1": 0.9055904271556198,
        "roc_auc": 0.7282886012689103,
        "compute_metrics": {
            "accuracy": 0.8476369465146038,
            "precision": 0.8652541820539986,
            "recall": 0.9498713377712652,
            "f1": 0.9055904271556198
        }
    }
}